{"cameraMode":{"drawMode":0,"name":"Shaded","section":"Shading Mode"},"sceneLighting":false,"audioPlay":false,"sceneViewState":{"m_AlwaysRefresh":false,"showFog":true,"showSkybox":false,"showFlares":true,"showImageEffects":true,"showParticleSystems":true,"showVisualEffectGraphs":true,"m_FxEnabled":true},"in2DMode":false,"pivot":{"x":0.6970672607421875,"y":7.055100440979004,"z":-11.449316024780274},"rotation":{"x":-0.09568438678979874,"y":0.0989723801612854,"z":-0.009560697712004185,"w":-0.9904348254203796},"size":18.023130416870118,"orthographic":false}